<?xml version="1.0"?>

<!-- ~~~~~~~~~~~~~~~~~~~~~~~~~~~~~~~~~~~~~~~~~~~~~~~~~~~~~~~~~~~~~~~~ -->
<!-- iText, a JAVA - PDF library                                      -->
<!-- $Id: release.xml 2825 2007-06-04 09:15:21Z blowagie $         -->
<!-- ~~~~~~~~~~~~~~~~~~~~~~~~~~~~~~~~~~~~~~~~~~~~~~~~~~~~~~~~~~~~~~~~ -->

<project name="iText.release" default="help">
	
	<property file=".ant.properties" />
	
    <!-- ~~~~~~~~~~~~~~~~~~~~~~~~~~~~~~~~~~~~~~~~~~~~~~~~~~~~~~~~~~~~~~~~ -->
    <!-- Help                                                             -->
    <!-- ~~~~~~~~~~~~~~~~~~~~~~~~~~~~~~~~~~~~~~~~~~~~~~~~~~~~~~~~~~~~~~~~ -->

    <target name="help" description="--> shows the help screen">
        <echo>MAKING A NEW RELEASE (release.xml)</echo>
        <echo>archive.src: archiving the source (zip and tar.gz)</echo>
        <echo>asian.jar: creates a new version of iTextAsian.jar and iTextAsianCmaps.jar</echo>
        <echo />
	</target>

    <!-- ~~~~~~~~~~~~~~~~~~~~~~~~~~~~~~~~~~~~~~~~~~~~~~~~~~~~~~~~~~~~~~~~ -->
    <!-- Archiving the code                                               -->
    <!-- ~~~~~~~~~~~~~~~~~~~~~~~~~~~~~~~~~~~~~~~~~~~~~~~~~~~~~~~~~~~~~~~~ -->

	<target name="src.zip" description="--> makes a zipfile with the source code">
		<mkdir dir="${itext.dist}"/>
		<zip zipfile="${itext.dist}/src.zip" basedir="${itext.src}" includes="**/*.java, **/*.ps, **/*.txt, **/*.gif, **/*.afm, **/*.html, **/*.xml, ant/.ant.properties" />
	</target>
	
	<target name="src.tar.gz" description="--> makes a tar.gz-file with the source code">
		<mkdir dir="${itext.dist}"/>
		<tar tarfile="${itext.dist}/src.tar" basedir="${itext.src}" includes="**/*.java, **/*.ps, **/*.txt, **/*.gif, **/*.afm, **/*.html, **/*.xml, ant/.ant.properties" />
		<gzip zipfile="${itext.dist}/src.tar.gz" src="${itext.dist}/src.tar"/>
		<delete file="${itext.dist}/src.tar"/>
	</target>
	
	<target name="archive.src" depends="src.zip, src.tar.gz" description="--> archives the source code" />

    <!-- ~~~~~~~~~~~~~~~~~~~~~~~~~~~~~~~~~~~~~~~~~~~~~~~~~~~~~~~~~~~~~~~~ -->
    <!-- Making a release, ready for upload to SourceForge                -->
    <!-- ~~~~~~~~~~~~~~~~~~~~~~~~~~~~~~~~~~~~~~~~~~~~~~~~~~~~~~~~~~~~~~~~ -->	
	
	<target name="release.sf" description="--> makes a complete iText release ready to publish on SourceForge">
		<mkdir dir="${itext.sf}"/>
        <copy file="${itext.lib}/iText.jar" todir="${itext.dist}" overwrite="yes" />
		<copy file="${itext.lib}/iText.jar" tofile="${itext.dist}/itext-${releasenumber}.jar" overwrite="yes"/>
		<copy file="${itext.lib}/iText.jar" tofile="${itext.sf}/itext-${releasenumber}.jar" overwrite="yes"/>
		<copy file="${itext.dist}/src.zip" tofile="${itext.sf}/itext-src-${releasenumber}.zip" overwrite="yes"/>
		<copy file="${itext.dist}/src.tar.gz" tofile="${itext.sf}/itext-src-${releasenumber}.tar.gz" overwrite="yes"/>
		<copy file="${itext.dist}/docs.tar.gz" tofile="${itext.sf}/itext-docs-${releasenumber}.tar.gz" overwrite="yes"/>
	</target>

    <!-- ~~~~~~~~~~~~~~~~~~~~~~~~~~~~~~~~~~~~~~~~~~~~~~~~~~~~~~~~~~~~~~~~ -->
    <!-- Making the jars with the Asian Fontfiles                         -->
    <!-- ~~~~~~~~~~~~~~~~~~~~~~~~~~~~~~~~~~~~~~~~~~~~~~~~~~~~~~~~~~~~~~~~ -->	
	<target name="asian.jar" description="--> makes iTextAsian.jar and iTextAsianCmaps.jar">
        <jar jarfile="${itext.lib}/iTextAsian.jar" basedir="${itext.src}" includes="**/*.cmap,**/*.properties" />
        <jar jarfile="${itext.lib}/iTextAsianCmaps.jar" basedir="${itext.src}" excludes="**/*.java, **/*.ps,**/*.txt,**/*.gif,**/*.afm,**/*.html,**/*.cmap,**/*.properties" />
	</target>

</project>
